tags,completeness,completeness,accuracy,accuracy,relevance,relevance,recall_final,recall_final,recall_total,recall_total
,mean,std,mean,std,mean,std,mean,std,mean,std
row-level,0.85,0.2064741604835056,0.805,0.23725402775129134,0.845,0.19324105480761042,0.765,0.24208523944655266,0.765,0.24208523944655266
structural,0.755,0.21377203944502388,0.7461764705882353,0.20214028590848926,0.7638235294117647,0.21337141761218262,0.8571428571428571,0.3550358012483631,0.8571428571428571,0.3550358012483631
